{
    "faces":[32,14,12,15,0,0,0,32,12,16,15,1,1,1,32,16,18,17,2,2,2,32,19,21,20,3,3,3,32,19,22,21,4,4,4,32,12,18,16,5,5,5,32,12,19,18,6,6,6,32,12,22,19,7,7,7,32,12,11,22,8,8,8,32,11,9,22,8,8,8,32,9,8,22,8,8,8,32,8,2,22,8,8,8,32,2,0,22,9,9,9,32,14,13,12,10,10,10,32,10,9,11,11,11,11,32,7,2,8,12,12,12,32,7,3,2,13,13,13,32,1,0,2,14,14,14,32,7,4,3,11,11,11,32,6,4,7,15,15,15,32,5,4,6,15,15,15,32,35,37,38,16,16,16,32,39,35,38,17,17,17,32,41,39,40,18,18,18,32,44,42,43,19,19,19,32,45,42,44,20,20,20,32,41,35,39,21,21,21,32,42,35,41,22,22,22,32,45,35,42,23,23,23,32,34,35,45,24,24,24,32,32,34,45,24,24,24,32,31,32,45,24,24,24,32,25,31,45,24,24,24,32,23,25,45,25,25,25,32,36,37,35,26,26,26,32,32,33,34,27,27,27,32,25,30,31,28,28,28,32,26,30,25,29,29,29,32,23,24,25,30,30,30,32,27,30,26,24,24,24,32,27,29,30,15,15,15,32,27,28,29,15,15,15,33,47,49,48,46,31,32,32,31,33,49,51,50,48,32,33,33,32,33,51,53,52,50,33,34,34,33,33,53,55,54,52,34,35,35,34,33,55,57,56,54,35,36,36,35,33,57,59,58,56,36,36,36,36,33,59,61,60,58,36,37,37,36,33,61,63,62,60,37,37,37,37,33,63,65,64,62,37,38,38,37,33,65,67,66,64,38,39,36,38,33,67,69,68,66,39,40,40,36,33,69,71,70,68,40,35,35,40,33,71,73,72,70,35,35,35,35,33,73,75,74,72,35,37,37,35,33,75,77,76,74,37,41,41,37,33,77,79,78,76,41,42,43,41,33,79,81,80,78,42,44,44,43,33,81,83,82,80,44,45,45,44,33,83,85,84,82,45,46,46,45,33,85,87,86,84,46,47,47,46,33,87,89,88,86,47,48,48,47,33,89,91,90,88,48,49,49,48,33,91,47,46,90,49,31,31,49],
    "uvs":[],
    "vertices":[0.562247,0.110612,0.273672,0.363345,0.110612,0.273672,0.212607,0.110612,0.0837283,0.155522,0.110612,0.142138,0.155522,0.110612,0.273672,0.154184,0.110612,0.273672,-0.005473,0.110612,0.273672,-0.00636494,0.110612,0.273672,-0.00636494,0.110612,-0.0174856,-0.0099327,0.110612,-0.0174856,-0.159779,0.110612,0.101563,-0.309625,0.110612,-0.0174856,-0.314531,0.110612,-0.0174856,-0.314531,0.110612,0.273672,-0.47508,0.110612,0.273672,-0.47508,0.110612,-0.346096,-0.159779,0.110612,-0.103094,0.155522,0.110612,-0.346096,0.155522,0.110612,-0.0910552,0.15686,0.110612,-0.0906094,0.369588,0.110612,-0.31756,0.562247,0.110612,-0.31756,0.331235,0.110612,-0.0219444,0.562247,-0.110612,0.273672,0.363345,-0.110612,0.273672,0.212607,-0.110612,0.0837283,0.155522,-0.110612,0.142138,0.155522,-0.110612,0.273672,0.154184,-0.110612,0.273672,-0.005473,-0.110612,0.273672,-0.00636494,-0.110612,0.273672,-0.00636494,-0.110612,-0.0174856,-0.0099327,-0.110612,-0.0174856,-0.159779,-0.110612,0.101563,-0.309625,-0.110612,-0.0174856,-0.314531,-0.110612,-0.0174856,-0.314531,-0.110612,0.273672,-0.47508,-0.110612,0.273672,-0.47508,-0.110612,-0.346096,-0.159779,-0.110612,-0.103094,0.155522,-0.110612,-0.346096,0.155522,-0.110612,-0.0910552,0.15686,-0.110612,-0.0906094,0.369588,-0.110612,-0.31756,0.562247,-0.110612,-0.31756,0.331235,-0.110612,-0.0219444,0.562247,-0.110612,0.273672,0.562247,0.110612,0.273672,0.363345,-0.110612,0.273672,0.363345,0.110612,0.273672,0.212607,-0.110612,0.0837283,0.212607,0.110612,0.0837283,0.155522,-0.110612,0.142138,0.155522,0.110612,0.142138,0.155522,-0.110612,0.273672,0.155522,0.110612,0.273672,0.154184,-0.110612,0.273672,0.154184,0.110612,0.273672,-0.005473,-0.110612,0.273672,-0.005473,0.110612,0.273672,-0.00636494,-0.110612,0.273672,-0.00636494,0.110612,0.273672,-0.00636494,-0.110612,-0.0174856,-0.00636494,0.110612,-0.0174856,-0.0099327,-0.110612,-0.0174856,-0.0099327,0.110612,-0.0174856,-0.159779,-0.110612,0.101563,-0.159779,0.110612,0.101563,-0.309625,-0.110612,-0.0174856,-0.309625,0.110612,-0.0174856,-0.314531,-0.110612,-0.0174856,-0.314531,0.110612,-0.0174856,-0.314531,-0.110612,0.273672,-0.314531,0.110612,0.273672,-0.47508,-0.110612,0.273672,-0.47508,0.110612,0.273672,-0.47508,-0.110612,-0.346096,-0.47508,0.110612,-0.346096,-0.159779,-0.110612,-0.103094,-0.159779,0.110612,-0.103094,0.155522,-0.110612,-0.346096,0.155522,0.110612,-0.346096,0.155522,-0.110612,-0.0910552,0.155522,0.110612,-0.0910552,0.15686,-0.110612,-0.0906094,0.15686,0.110612,-0.0906094,0.369588,-0.110612,-0.31756,0.369588,0.110612,-0.31756,0.562247,-0.110612,-0.31756,0.562247,0.110612,-0.31756,0.331235,-0.110612,-0.0219444,0.331235,0.110612,-0.0219444],
    "metadata":{
        "generator":"io_three",
        "faces":65,
        "type":"Geometry",
        "vertices":92,
        "normals":50,
        "version":3,
        "uvs":0
    },
    "normals":[-1.89967e-08,1,-3.60647e-08,1.81536e-08,1,-5.42152e-08,1.11541e-09,1,-2.92132e-08,0,1,-3.2829e-08,-1.74947e-08,1,-6.40786e-08,3.10844e-09,1,-8.1412e-08,1.07853e-08,1,-3.23628e-08,-7.36284e-10,1,-1.06636e-07,0,1,0,-1.32367e-08,1,-1.48596e-08,0,1,-2.55895e-08,0,1,-0,1.18281e-08,1,-2.55895e-08,-5.03259e-07,1,-6.19395e-07,0,1,-3.92253e-08,0,0,0,1.89967e-08,-1,3.60647e-08,-1.81536e-08,-1,5.42152e-08,-1.11541e-09,-1,2.92132e-08,0,-1,3.2829e-08,1.74947e-08,-1,6.40786e-08,-3.10844e-09,-1,8.1412e-08,-1.07854e-08,-1,3.23626e-08,7.36284e-10,-1,1.06636e-07,0,-1,0,1.32367e-08,-1,1.48596e-08,0,-1,2.55895e-08,0,-1,0,-1.18281e-08,-1,2.55895e-08,5.03257e-07,-1,6.19393e-07,0,-1,3.92253e-08,0.898801,0,0.438307,-0.43495,0,0.900449,-0.0515152,0,0.998657,0.926054,0,0.377361,0.707083,0,0.707083,0,0,1,-0.707083,0,0.707083,0.329386,0,0.944182,0,0,0.999969,-0.329386,0,0.944182,-0.441328,0,-0.897336,0,0,-0.999969,0,0,-1,0.441328,0,-0.897336,0.811212,0,-0.584735,-0.245491,0,-0.96939,-0.397565,0,-0.91757,0.898801,0,-0.438307,1,0,0]
}