{
    "faces":[32,14,12,15,0,0,0,32,12,16,15,1,1,1,32,16,18,17,2,2,2,32,19,21,20,3,3,3,32,19,22,21,4,4,4,32,12,18,16,5,5,5,32,12,19,18,6,6,6,32,12,22,19,7,7,7,32,12,11,22,8,8,8,32,11,9,22,9,9,9,32,9,8,22,8,8,8,32,8,2,22,8,8,8,32,2,0,22,10,10,10,32,14,13,12,11,11,11,32,10,9,11,12,12,12,32,7,2,8,13,13,13,32,7,3,2,14,14,14,32,1,0,2,15,15,15,32,7,4,3,12,12,12,32,6,4,7,16,16,16,32,5,4,6,16,16,16,32,35,37,38,17,17,17,32,39,35,38,18,18,18,32,41,39,40,19,19,19,32,44,42,43,20,20,20,32,45,42,44,21,21,21,32,41,35,39,22,22,22,32,42,35,41,23,23,23,32,45,35,42,24,24,24,32,34,35,45,25,25,25,32,32,34,45,25,25,25,32,31,32,45,25,25,25,32,25,31,45,25,25,25,32,23,25,45,26,26,26,32,36,37,35,27,27,27,32,32,33,34,25,25,25,32,25,30,31,28,28,28,32,26,30,25,29,29,29,32,23,24,25,30,30,30,32,27,30,26,25,25,25,32,27,29,30,16,16,16,32,27,28,29,16,16,16,33,47,49,48,46,31,32,32,31,33,49,51,50,48,32,33,33,32,33,51,53,52,50,33,34,34,33,33,53,55,54,52,34,35,35,34,33,55,57,56,54,35,36,36,35,33,57,59,58,56,36,36,36,36,33,59,61,60,58,36,37,37,36,33,61,63,62,60,37,37,37,37,33,63,65,64,62,37,38,38,37,33,65,67,66,64,38,39,39,38,33,67,69,68,66,39,40,40,39,33,69,71,70,68,40,35,35,40,33,71,73,72,70,35,35,35,35,33,73,75,74,72,35,37,37,35,33,75,77,76,74,37,41,41,37,33,77,79,78,76,41,42,43,41,33,79,81,80,78,42,44,44,43,33,81,83,82,80,44,45,45,44,33,83,85,84,82,45,46,46,45,33,85,87,86,84,46,47,47,46,33,87,89,88,86,47,48,48,47,33,89,91,90,88,48,49,49,48,33,91,47,46,90,49,31,31,49],
    "uvs":[],
    "vertices":[5.0029,0.808125,3.0435,3.30754,0.808125,3.0435,2.02272,0.808125,1.42451,1.53616,0.808125,1.92237,1.53616,0.808125,3.0435,1.52475,0.808125,3.0435,0.163902,0.808125,3.0435,0.1563,0.808125,3.0435,0.1563,0.808125,0.561807,0.12589,0.808125,0.561807,-1.15133,0.808125,1.57653,-2.42856,0.808125,0.561807,-2.47037,0.808125,0.561807,-2.47037,0.808125,3.0435,-3.83882,0.808125,3.0435,-3.83882,0.808125,-2.23913,-1.15133,0.808125,-0.167881,1.53616,0.808125,-2.23913,1.53616,0.808125,-0.0652686,1.54756,0.808125,-0.0614681,3.36076,0.808125,-1.9959,5.0029,0.808125,-1.9959,3.03385,0.808125,0.523802,5.0029,-0.808125,3.0435,3.30754,-0.808125,3.0435,2.02272,-0.808125,1.42451,1.53616,-0.808125,1.92237,1.53616,-0.808125,3.0435,1.52475,-0.808125,3.0435,0.163902,-0.808125,3.0435,0.1563,-0.808125,3.0435,0.1563,-0.808125,0.561807,0.12589,-0.808125,0.561807,-1.15133,-0.808125,1.57653,-2.42856,-0.808125,0.561807,-2.47037,-0.808125,0.561807,-2.47037,-0.808125,3.0435,-3.83882,-0.808125,3.0435,-3.83882,-0.808125,-2.23913,-1.15133,-0.808125,-0.167881,1.53616,-0.808125,-2.23913,1.53616,-0.808125,-0.0652686,1.54756,-0.808125,-0.0614681,3.36076,-0.808125,-1.9959,5.0029,-0.808125,-1.9959,3.03385,-0.808125,0.523802,5.0029,-0.808125,3.0435,5.0029,0.808125,3.0435,3.30754,-0.808125,3.0435,3.30754,0.808125,3.0435,2.02272,-0.808125,1.42451,2.02272,0.808125,1.42451,1.53616,-0.808125,1.92237,1.53616,0.808125,1.92237,1.53616,-0.808125,3.0435,1.53616,0.808125,3.0435,1.52475,-0.808125,3.0435,1.52475,0.808125,3.0435,0.163902,-0.808125,3.0435,0.163902,0.808125,3.0435,0.1563,-0.808125,3.0435,0.1563,0.808125,3.0435,0.1563,-0.808125,0.561807,0.1563,0.808125,0.561807,0.12589,-0.808125,0.561807,0.12589,0.808125,0.561807,-1.15133,-0.808125,1.57653,-1.15133,0.808125,1.57653,-2.42856,-0.808125,0.561807,-2.42856,0.808125,0.561807,-2.47037,-0.808125,0.561807,-2.47037,0.808125,0.561807,-2.47037,-0.808125,3.0435,-2.47037,0.808125,3.0435,-3.83882,-0.808125,3.0435,-3.83882,0.808125,3.0435,-3.83882,-0.808125,-2.23913,-3.83882,0.808125,-2.23913,-1.15133,-0.808125,-0.167881,-1.15133,0.808125,-0.167881,1.53616,-0.808125,-2.23913,1.53616,0.808125,-2.23913,1.53616,-0.808125,-0.0652686,1.53616,0.808125,-0.0652686,1.54756,-0.808125,-0.0614681,1.54756,0.808125,-0.0614681,3.36076,-0.808125,-1.9959,3.36076,0.808125,-1.9959,5.0029,-0.808125,-1.9959,5.0029,0.808125,-1.9959,3.03385,-0.808125,0.523802,3.03385,0.808125,0.523802],
    "metadata":{
        "generator":"io_three",
        "faces":65,
        "type":"Geometry",
        "vertices":92,
        "normals":50,
        "version":3,
        "uvs":0
    },
    "normals":[-1.78299e-08,1,-3.38494e-08,1.70385e-08,1,-5.0885e-08,1.04689e-09,1,-2.74188e-08,0,1,-3.08125e-08,-1.64201e-08,1,-6.01425e-08,2.9175e-09,1,-7.64112e-08,1.01229e-08,1,-3.03746e-08,-6.91057e-10,1,-1.00086e-07,0,1,0,0,1,0,-1.24237e-08,1,-1.39468e-08,0,1,-2.40177e-08,0,1,-0,1.11016e-08,1,-2.40177e-08,-4.72346e-07,1,-5.81348e-07,0,1,-3.68159e-08,0,0,0,1.78298e-08,-1,3.38494e-08,-1.70385e-08,-1,5.0885e-08,-1.04689e-09,-1,2.74188e-08,0,-1,3.08125e-08,1.64201e-08,-1,6.01425e-08,-2.9175e-09,-1,7.64112e-08,-1.01227e-08,-1,3.03748e-08,6.91058e-10,-1,1.00086e-07,0,-1,0,1.24237e-08,-1,1.39468e-08,0,-1,2.40177e-08,-1.11016e-08,-1,2.40177e-08,4.72345e-07,-1,5.81348e-07,0,-1,3.68159e-08,0.898801,0,0.438307,-0.43495,0,0.900449,-0.0515152,0,0.998657,0.926054,0,0.377361,0.707083,0,0.707083,0,0,1,-0.707083,0,0.707083,0.329386,0,0.944182,0,0,0.999969,-0.329386,0,0.944182,-0.441328,0,-0.897336,0,0,-0.999969,0,0,-1,0.441328,0,-0.897336,0.811212,0,-0.584704,-0.24546,0,-0.96939,-0.397565,0,-0.91757,0.898801,0,-0.438307,1,0,0]
}